<?xml version="1.0" encoding="UTF-8"?>
<project-private xmlns="http://www.netbeans.org/ns/project-private/1">
    <editor-bookmarks xmlns="http://www.netbeans.org/ns/editor-bookmarks/2" lastBookmarkId="0"/>
    <open-files xmlns="http://www.netbeans.org/ns/projectui-open-files/2">
        <group>
            <file>file:/E:/Java%20Programe%20NetBeans/WebApplication1/web/Home.html</file>
            <file>file:/E:/Java%20Programe%20NetBeans/WebApplication1/src/java/Controlar/ServletUpdate.java</file>
            <file>file:/E:/Java%20Programe%20NetBeans/WebApplication1/src/java/Controlar/ServletDelete.java</file>
            <file>file:/E:/Java%20Programe%20NetBeans/WebApplication1/web/Login.html</file>
            <file>file:/E:/Java%20Programe%20NetBeans/WebApplication1/web/LoginData.jsp</file>
            <file>file:/E:/Java%20Programe%20NetBeans/WebApplication1/src/java/Controlar/Login.java</file>
            <file>file:/E:/Java%20Programe%20NetBeans/WebApplication1/src/java/Controlar/Register.java</file>
        </group>
    </open-files>
</project-private>
